{"cameraMode":{"drawMode":0,"name":"Shaded","section":"Shading Mode"},"sceneLighting":true,"audioPlay":false,"sceneViewState":{"showFog":true,"showMaterialUpdate":false,"showSkybox":true,"showFlares":true,"showImageEffects":true,"showParticleSystems":true},"in2DMode":false,"pivot":{"x":-1.9989088773727418,"y":1.2910125255584717,"z":-0.6895789504051209},"rotation":{"x":0.09117565304040909,"y":0.41522613167762759,"z":-0.04187602922320366,"w":0.9041852951049805},"size":2.0660252571105959,"orthographic":false}