{"cameraMode":{"drawMode":0,"name":"Shaded","section":"Shading Mode"},"sceneLighting":true,"audioPlay":false,"sceneViewState":{"showFog":false,"showMaterialUpdate":true,"showSkybox":true,"showFlares":true,"showImageEffects":true,"showParticleSystems":true},"in2DMode":false,"pivot":{"x":1.0978147983551026,"y":0.5191179513931274,"z":0.3984207510948181},"rotation":{"x":0.2617535889148712,"y":0.18532802164554597,"z":-0.051291126757860187,"w":0.9457840323448181},"size":2.4410078525543215,"orthographic":false}