{"cameraMode":{"drawMode":0,"name":"Shaded","section":"Shading Mode"},"sceneLighting":true,"audioPlay":false,"sceneViewState":{"showFog":false,"showMaterialUpdate":false,"showSkybox":false,"showFlares":true,"showImageEffects":true,"showParticleSystems":true},"in2DMode":false,"pivot":{"x":-1.3003523349761963,"y":1.4579377174377442,"z":-1.956059455871582},"rotation":{"x":-0.0012090012896806002,"y":-0.13606105744838715,"z":0.00014035346976015717,"w":-0.9907193779945374},"size":2.4410078525543215,"orthographic":false}