{"cameraMode":{"drawMode":0,"name":"Shaded","section":"Shading Mode"},"sceneLighting":true,"audioPlay":false,"sceneViewState":{"showFog":false,"showMaterialUpdate":false,"showSkybox":false,"showFlares":true,"showImageEffects":true,"showParticleSystems":true},"in2DMode":false,"pivot":{"x":1.7991111278533936,"y":-0.6244311928749085,"z":0.5696160793304443},"rotation":{"x":-0.28308892250061037,"y":-0.2911815345287323,"z":0.09065142273902893,"w":-0.9093179702758789},"size":10.0,"orthographic":false}