{"cameraMode":{"drawMode":0,"name":"Shaded","section":"Shading Mode"},"sceneLighting":true,"audioPlay":false,"sceneViewState":{"showFog":false,"showMaterialUpdate":false,"showSkybox":false,"showFlares":true,"showImageEffects":true,"showParticleSystems":true},"in2DMode":false,"pivot":{"x":0.026658345013856889,"y":0.12491445988416672,"z":-3.5828192234039308},"rotation":{"x":-0.2114396095275879,"y":-0.737329363822937,"z":0.26722452044487,"w":-0.5833195447921753},"size":2.522383451461792,"orthographic":false}