{"cameraMode":{"drawMode":0,"name":"Shaded","section":"Shading Mode"},"sceneLighting":true,"audioPlay":false,"sceneViewState":{"showFog":false,"showMaterialUpdate":true,"showSkybox":true,"showFlares":true,"showImageEffects":true,"showParticleSystems":true},"in2DMode":false,"pivot":{"x":-0.8066139221191406,"y":-0.5304661989212036,"z":-0.9493017196655273},"rotation":{"x":-0.06346220523118973,"y":0.8547200560569763,"z":-0.10812240839004517,"w":-0.5039883255958557},"size":2.4410078525543215,"orthographic":false}